timestamp,tipo_simulado,resultado,probabilidad
2025-06-17T01:18:33.383590,MALICIOSO,DDoS,1.0
2025-06-17T01:18:33.697788,MALICIOSO,DDoS,1.0
2025-06-17T01:18:34.013357,MALICIOSO,DDoS,1.0
2025-06-17T01:18:34.315931,MALICIOSO,DDoS,1.0
2025-06-17T01:18:34.618390,BENIGNO,Benigno,1.0
2025-06-17T01:18:34.932650,MALICIOSO,DDoS,1.0
2025-06-17T01:18:35.263835,MALICIOSO,DDoS,1.0
2025-06-17T01:18:35.577952,MALICIOSO,DDoS,1.0
2025-06-17T01:18:35.896459,MALICIOSO,DDoS,1.0
2025-06-17T01:18:36.211899,MALICIOSO,DDoS,1.0
2025-06-17T01:18:36.528129,MALICIOSO,DDoS,1.0
2025-06-17T01:18:36.843896,MALICIOSO,DDoS,1.0
2025-06-17T01:18:37.164072,MALICIOSO,DDoS,1.0
2025-06-17T01:18:37.479970,MALICIOSO,DDoS,1.0
2025-06-17T01:18:37.794526,BENIGNO,Benigno,1.0
2025-06-17T01:18:38.109906,BENIGNO,Benigno,1.0
2025-06-17T01:18:38.416566,MALICIOSO,DDoS,1.0
2025-06-17T01:18:38.732890,BENIGNO,Benigno,1.0
2025-06-17T01:18:39.052711,BENIGNO,Benigno,1.0
2025-06-17T01:18:39.366572,MALICIOSO,DDoS,1.0
2025-06-17T01:18:39.681339,MALICIOSO,DDoS,1.0
2025-06-17T01:18:39.982768,BENIGNO,Benigno,1.0
2025-06-17T01:18:40.305031,MALICIOSO,DDoS,1.0
2025-06-17T01:18:40.617218,BENIGNO,Benigno,1.0
2025-06-17T01:18:40.934007,BENIGNO,Benigno,1.0
2025-06-17T01:18:41.251887,BENIGNO,Benigno,1.0
2025-06-17T01:18:41.564337,BENIGNO,Benigno,1.0
2025-06-17T01:18:41.879875,MALICIOSO,DDoS,1.0
2025-06-17T01:18:42.197133,BENIGNO,Benigno,1.0
2025-06-17T01:18:42.516207,BENIGNO,Benigno,1.0
2025-06-17T01:18:42.832415,MALICIOSO,DDoS,1.0
2025-06-17T01:18:43.147925,MALICIOSO,DDoS,1.0
2025-06-17T01:18:43.465675,MALICIOSO,DDoS,1.0
2025-06-17T01:18:43.776276,MALICIOSO,DDoS,1.0
2025-06-17T01:18:44.077030,MALICIOSO,DDoS,1.0
2025-06-17T01:18:44.393004,BENIGNO,Benigno,1.0
2025-06-17T01:18:44.708579,MALICIOSO,DDoS,1.0
2025-06-17T01:18:45.024855,BENIGNO,Benigno,1.0
2025-06-17T01:18:45.342615,MALICIOSO,DDoS,1.0
2025-06-17T01:18:45.658496,BENIGNO,Benigno,1.0
2025-06-17T01:18:46.000887,BENIGNO,Benigno,1.0
2025-06-17T01:18:46.318518,BENIGNO,Benigno,1.0
2025-06-17T01:18:46.643733,BENIGNO,Benigno,1.0
2025-06-17T01:18:46.968547,BENIGNO,Benigno,1.0
2025-06-17T01:18:47.296688,MALICIOSO,DDoS,1.0
2025-06-17T01:18:47.627355,MALICIOSO,DDoS,1.0
2025-06-17T01:18:47.931053,BENIGNO,Benigno,1.0
2025-06-17T01:18:48.245834,MALICIOSO,DDoS,1.0
2025-06-17T01:18:48.562097,MALICIOSO,DDoS,1.0
2025-06-17T01:18:48.882689,MALICIOSO,DDoS,1.0
2025-06-17T01:18:49.212415,BENIGNO,Benigno,1.0
2025-06-17T01:18:49.530108,BENIGNO,Benigno,1.0
2025-06-17T01:18:49.861363,BENIGNO,Benigno,1.0
2025-06-17T01:18:50.172203,MALICIOSO,DDoS,1.0
2025-06-17T01:18:50.486975,BENIGNO,Benigno,1.0
2025-06-17T01:18:50.814710,MALICIOSO,DDoS,1.0
2025-06-17T01:18:51.132720,MALICIOSO,DDoS,1.0
2025-06-17T01:18:51.448171,MALICIOSO,DDoS,1.0
2025-06-17T01:18:51.762084,MALICIOSO,DDoS,1.0
2025-06-17T01:18:52.078992,BENIGNO,Benigno,1.0
2025-06-17T01:18:52.399769,BENIGNO,Benigno,1.0
2025-06-17T01:18:52.725064,MALICIOSO,DDoS,1.0
2025-06-17T01:18:53.044146,MALICIOSO,DDoS,1.0
2025-06-17T01:18:53.347633,MALICIOSO,DDoS,1.0
2025-06-17T01:18:53.649984,MALICIOSO,DDoS,1.0
2025-06-17T01:18:53.952431,BENIGNO,Benigno,1.0
2025-06-17T01:18:54.265541,MALICIOSO,DDoS,1.0
2025-06-17T01:18:54.595313,MALICIOSO,DDoS,1.0
2025-06-17T01:18:54.909853,MALICIOSO,DDoS,1.0
2025-06-17T01:18:55.216152,MALICIOSO,DDoS,1.0
2025-06-17T01:18:55.530822,MALICIOSO,DDoS,1.0
2025-06-17T01:18:55.862029,MALICIOSO,DDoS,1.0
2025-06-17T01:18:56.165939,MALICIOSO,DDoS,1.0
2025-06-17T01:18:56.481991,MALICIOSO,DDoS,1.0
2025-06-17T01:18:56.799165,BENIGNO,Benigno,1.0
2025-06-17T01:18:57.114511,BENIGNO,Benigno,1.0
2025-06-17T01:18:57.433373,BENIGNO,Benigno,1.0
2025-06-17T01:18:57.749347,MALICIOSO,DDoS,1.0
2025-06-17T01:18:58.066074,MALICIOSO,DDoS,1.0
2025-06-17T01:18:58.382415,MALICIOSO,DDoS,1.0
2025-06-17T01:18:58.712909,MALICIOSO,DDoS,1.0
2025-06-17T01:18:59.016865,BENIGNO,Benigno,1.0
2025-06-17T01:18:59.345271,MALICIOSO,DDoS,1.0
2025-06-17T01:18:59.648707,MALICIOSO,DDoS,1.0
2025-06-17T01:18:59.965326,MALICIOSO,DDoS,1.0
2025-06-17T01:19:00.296114,BENIGNO,Benigno,1.0
2025-06-17T01:19:00.625474,BENIGNO,Benigno,1.0
2025-06-17T01:19:00.955890,MALICIOSO,DDoS,1.0
2025-06-17T01:19:01.278370,BENIGNO,Benigno,1.0
2025-06-17T01:19:01.581850,MALICIOSO,DDoS,1.0
2025-06-17T01:19:01.893920,MALICIOSO,DDoS,1.0
2025-06-17T01:19:02.217499,BENIGNO,Benigno,1.0
2025-06-17T01:19:02.530877,MALICIOSO,DDoS,1.0
2025-06-17T01:19:02.861079,MALICIOSO,DDoS,1.0
2025-06-17T01:19:03.179344,MALICIOSO,DDoS,1.0
2025-06-17T01:19:03.497116,MALICIOSO,DDoS,1.0
2025-06-17T01:19:03.799424,BENIGNO,Benigno,1.0
2025-06-17T01:19:04.120744,MALICIOSO,DDoS,1.0
2025-06-17T01:19:04.447461,BENIGNO,Benigno,1.0
2025-06-17T01:19:04.763102,MALICIOSO,DDoS,1.0
2025-06-17T01:19:05.079114,MALICIOSO,DDoS,1.0
2025-06-17T01:19:05.382770,BENIGNO,Benigno,1.0
2025-06-17T01:19:05.698442,MALICIOSO,DDoS,1.0
2025-06-17T01:19:06.016730,BENIGNO,Benigno,1.0
2025-06-17T01:19:06.332534,MALICIOSO,DDoS,1.0
2025-06-17T01:19:06.662463,MALICIOSO,DDoS,1.0
2025-06-17T01:19:06.982565,BENIGNO,Benigno,1.0
2025-06-17T01:19:07.299833,MALICIOSO,DDoS,1.0
2025-06-17T01:19:07.624332,MALICIOSO,DDoS,1.0
2025-06-17T01:19:07.942668,BENIGNO,Benigno,1.0
2025-06-17T01:19:08.261041,BENIGNO,Benigno,1.0
2025-06-17T01:19:08.587120,MALICIOSO,DDoS,1.0
2025-06-17T01:19:08.897219,BENIGNO,Benigno,1.0
2025-06-17T01:19:09.214683,BENIGNO,Benigno,1.0
2025-06-17T01:19:09.530183,MALICIOSO,DDoS,1.0
2025-06-17T01:19:09.846156,MALICIOSO,DDoS,1.0
2025-06-17T01:19:10.148887,MALICIOSO,DDoS,1.0
2025-06-17T01:19:10.449088,MALICIOSO,DDoS,1.0
2025-06-17T01:19:10.765605,MALICIOSO,DDoS,1.0
2025-06-17T01:19:11.090519,MALICIOSO,DDoS,1.0
2025-06-17T01:19:11.398420,MALICIOSO,DDoS,1.0
2025-06-17T01:19:11.715039,MALICIOSO,DDoS,1.0
2025-06-17T01:19:12.030712,MALICIOSO,DDoS,1.0
2025-06-17T01:19:12.333318,BENIGNO,Benigno,1.0
2025-06-17T01:19:12.665824,MALICIOSO,DDoS,1.0
2025-06-17T01:19:12.979200,BENIGNO,Benigno,1.0
2025-06-17T01:19:13.281671,MALICIOSO,DDoS,1.0
2025-06-17T01:19:13.595824,BENIGNO,Benigno,1.0
2025-06-17T01:19:13.913239,MALICIOSO,DDoS,1.0
2025-06-17T01:19:14.230197,BENIGNO,Benigno,1.0
2025-06-17T01:19:14.546421,BENIGNO,Benigno,1.0
2025-06-17T01:19:14.865106,BENIGNO,Benigno,1.0
2025-06-17T01:19:15.175282,MALICIOSO,DDoS,1.0
2025-06-17T01:19:15.475693,MALICIOSO,DDoS,1.0
2025-06-17T01:19:15.791307,BENIGNO,Benigno,1.0
2025-06-17T01:19:16.108677,MALICIOSO,DDoS,1.0
2025-06-17T01:19:16.440322,BENIGNO,Benigno,1.0
2025-06-17T01:19:16.766663,MALICIOSO,DDoS,1.0
2025-06-17T01:19:17.075048,BENIGNO,Benigno,1.0
2025-06-17T01:19:17.380474,MALICIOSO,DDoS,1.0
2025-06-17T01:19:17.691764,BENIGNO,Benigno,1.0
2025-06-17T01:19:18.008916,MALICIOSO,DDoS,1.0
2025-06-17T01:19:18.309598,MALICIOSO,DDoS,1.0
2025-06-17T01:19:18.625878,MALICIOSO,DDoS,1.0
2025-06-17T01:19:18.941648,BENIGNO,Benigno,1.0
2025-06-17T01:19:19.248561,MALICIOSO,DDoS,1.0
2025-06-17T01:19:19.565013,MALICIOSO,DDoS,1.0
2025-06-17T01:19:19.883143,BENIGNO,Benigno,1.0
2025-06-17T01:19:20.195558,BENIGNO,Benigno,1.0
2025-06-17T01:19:20.528589,MALICIOSO,DDoS,1.0
2025-06-17T01:19:20.845074,MALICIOSO,DDoS,1.0
2025-06-17T01:22:21.449938,MALICIOSO,DDoS,1.0
2025-06-17T01:22:21.771077,MALICIOSO,DDoS,1.0
2025-06-17T01:22:22.086408,BENIGNO,Benigno,1.0
2025-06-17T01:22:22.406145,BENIGNO,Benigno,1.0
2025-06-17T01:22:22.722106,BENIGNO,Benigno,1.0
2025-06-17T01:22:23.039184,BENIGNO,Benigno,1.0
2025-06-17T01:22:23.344136,BENIGNO,Benigno,1.0
2025-06-17T01:22:23.644663,MALICIOSO,DDoS,1.0
2025-06-17T01:22:23.960389,MALICIOSO,DDoS,1.0
2025-06-17T01:22:24.278009,BENIGNO,Benigno,1.0
2025-06-17T01:22:24.594022,MALICIOSO,DDoS,1.0
2025-06-17T01:22:24.909528,MALICIOSO,DDoS,1.0
2025-06-17T01:22:25.228320,BENIGNO,Benigno,1.0
2025-06-17T01:22:25.541385,BENIGNO,Benigno,1.0
2025-06-17T01:22:25.858203,MALICIOSO,DDoS,1.0
2025-06-17T01:22:26.169264,BENIGNO,Benigno,1.0
2025-06-17T01:22:26.482726,MALICIOSO,DDoS,1.0
2025-06-17T01:22:26.806793,BENIGNO,Benigno,1.0
2025-06-17T01:22:27.122873,MALICIOSO,DDoS,1.0
2025-06-17T01:22:27.440525,MALICIOSO,DDoS,1.0
2025-06-17T01:22:27.756995,BENIGNO,Benigno,1.0
2025-06-17T01:22:28.075346,BENIGNO,Benigno,1.0
2025-06-17T01:22:28.392700,BENIGNO,Benigno,1.0
2025-06-17T01:22:28.694727,MALICIOSO,DDoS,1.0
2025-06-17T01:22:29.023418,BENIGNO,Benigno,1.0
2025-06-17T01:22:29.330574,MALICIOSO,DDoS,1.0
2025-06-17T01:22:29.639271,BENIGNO,Benigno,1.0
2025-06-17T01:22:29.945544,MALICIOSO,DDoS,1.0
2025-06-17T01:22:30.273038,BENIGNO,Benigno,1.0
2025-06-17T01:22:30.574356,BENIGNO,Benigno,1.0
2025-06-17T01:22:30.899408,MALICIOSO,DDoS,1.0
2025-06-17T01:22:31.223428,BENIGNO,Benigno,1.0
2025-06-17T01:22:31.538221,MALICIOSO,DDoS,1.0
2025-06-17T01:22:31.857452,BENIGNO,Benigno,1.0
2025-06-17T01:22:32.174174,BENIGNO,Benigno,1.0
2025-06-17T01:22:32.489981,MALICIOSO,DDoS,1.0
2025-06-17T01:22:32.794893,BENIGNO,Benigno,1.0
2025-06-17T01:22:33.110011,BENIGNO,Benigno,1.0
2025-06-17T01:22:33.410353,MALICIOSO,DDoS,1.0
2025-06-17T01:22:33.736974,MALICIOSO,DDoS,1.0
2025-06-17T01:22:34.045925,BENIGNO,Benigno,1.0
2025-06-17T01:22:34.358300,BENIGNO,Benigno,1.0
2025-06-17T01:22:34.673308,MALICIOSO,DDoS,1.0
2025-06-17T01:22:34.977479,MALICIOSO,DDoS,1.0
2025-06-17T01:22:35.285487,MALICIOSO,DDoS,1.0
2025-06-17T01:22:35.597024,BENIGNO,Benigno,1.0
2025-06-17T01:22:35.924751,BENIGNO,Benigno,1.0
2025-06-17T01:22:36.240983,MALICIOSO,DDoS,1.0
2025-06-17T01:22:36.551767,MALICIOSO,DDoS,1.0
2025-06-17T01:22:36.872428,MALICIOSO,DDoS,1.0
2025-06-17T01:22:37.190745,MALICIOSO,DDoS,1.0
2025-06-17T01:22:37.514067,MALICIOSO,DDoS,1.0
2025-06-17T01:22:37.826469,BENIGNO,Benigno,1.0
2025-06-17T01:22:38.155153,MALICIOSO,DDoS,1.0
2025-06-17T01:22:38.468179,MALICIOSO,DDoS,1.0
2025-06-17T01:22:38.784727,MALICIOSO,DDoS,1.0
2025-06-17T01:22:39.102372,BENIGNO,Benigno,1.0
2025-06-17T01:22:39.408385,MALICIOSO,DDoS,1.0
2025-06-17T01:22:39.727356,MALICIOSO,DDoS,1.0
2025-06-17T01:22:40.028757,MALICIOSO,DDoS,1.0
2025-06-17T01:22:40.356119,BENIGNO,Benigno,1.0
2025-06-17T01:22:40.672712,BENIGNO,Benigno,1.0
2025-06-17T01:22:40.976391,BENIGNO,Benigno,1.0
2025-06-17T01:22:41.288330,MALICIOSO,DDoS,1.0
2025-06-17T01:22:41.600033,BENIGNO,Benigno,1.0
2025-06-17T01:22:41.915759,MALICIOSO,DDoS,1.0
2025-06-17T01:22:42.239007,MALICIOSO,DDoS,1.0
2025-06-17T01:22:42.548102,MALICIOSO,DDoS,1.0
2025-06-17T01:22:42.857956,MALICIOSO,DDoS,1.0
2025-06-17T01:22:43.179418,MALICIOSO,DDoS,1.0
2025-06-17T01:22:43.503052,MALICIOSO,DDoS,1.0
2025-06-17T01:22:43.818793,BENIGNO,Benigno,1.0
2025-06-17T01:22:44.120275,MALICIOSO,DDoS,1.0
2025-06-17T01:22:44.443630,BENIGNO,Benigno,1.0
2025-06-17T01:22:44.772877,BENIGNO,Benigno,1.0
2025-06-17T01:22:45.082526,MALICIOSO,DDoS,1.0
2025-06-17T01:22:45.393198,BENIGNO,Benigno,1.0
2025-06-17T01:22:45.710072,MALICIOSO,DDoS,1.0
2025-06-17T01:22:46.027463,MALICIOSO,DDoS,1.0
2025-06-17T01:22:46.348184,BENIGNO,Benigno,1.0
2025-06-17T01:22:46.674102,BENIGNO,Benigno,1.0
2025-06-17T01:22:46.986626,MALICIOSO,DDoS,1.0
2025-06-17T01:22:47.310127,MALICIOSO,DDoS,1.0
2025-06-17T01:22:47.632175,BENIGNO,Benigno,1.0
2025-06-17T01:22:47.949315,MALICIOSO,DDoS,1.0
2025-06-17T01:22:48.272251,BENIGNO,Benigno,1.0
2025-06-17T01:22:48.596935,MALICIOSO,DDoS,1.0
2025-06-17T01:22:48.923981,BENIGNO,Benigno,1.0
2025-06-17T01:22:49.239770,BENIGNO,Benigno,0.98
2025-06-17T01:22:49.557945,MALICIOSO,DDoS,1.0
2025-06-17T01:22:49.864795,MALICIOSO,DDoS,1.0
2025-06-17T01:22:50.194107,MALICIOSO,DDoS,1.0
2025-06-17T01:22:50.521342,MALICIOSO,DDoS,1.0
2025-06-17T01:22:50.844103,BENIGNO,Benigno,1.0
2025-06-17T01:22:51.158868,MALICIOSO,DDoS,1.0
2025-06-17T01:22:51.493469,MALICIOSO,DDoS,1.0
2025-06-17T01:22:51.799529,BENIGNO,Benigno,1.0
2025-06-17T01:22:52.123209,MALICIOSO,DDoS,1.0
2025-06-17T01:22:52.425588,BENIGNO,Benigno,1.0
2025-06-17T01:22:52.739763,MALICIOSO,DDoS,1.0
2025-06-17T01:22:53.062843,BENIGNO,Benigno,1.0
2025-06-17T01:22:53.375163,MALICIOSO,DDoS,1.0
2025-06-17T01:22:53.693026,BENIGNO,Benigno,1.0
2025-06-17T01:22:53.994375,MALICIOSO,DDoS,1.0
2025-06-17T01:22:54.327352,MALICIOSO,DDoS,1.0
2025-06-17T01:22:54.656319,BENIGNO,Benigno,1.0
2025-06-17T01:22:54.976144,BENIGNO,Benigno,1.0
2025-06-17T01:22:55.277477,BENIGNO,Benigno,1.0
2025-06-17T01:22:55.596067,MALICIOSO,DDoS,1.0
2025-06-17T01:22:55.916044,MALICIOSO,DDoS,1.0
2025-06-17T01:22:56.233360,MALICIOSO,DDoS,1.0
2025-06-17T01:22:56.548735,MALICIOSO,DDoS,1.0
2025-06-17T01:22:56.865541,MALICIOSO,DDoS,1.0
2025-06-17T01:22:57.190720,MALICIOSO,DDoS,1.0
2025-06-17T01:22:57.499063,MALICIOSO,DDoS,1.0
2025-06-17T01:22:57.815507,MALICIOSO,DDoS,1.0
2025-06-17T01:22:58.148651,MALICIOSO,DDoS,1.0
2025-06-17T01:22:58.468931,MALICIOSO,DDoS,1.0
2025-06-17T01:22:58.783130,BENIGNO,Benigno,1.0
2025-06-17T01:22:59.105840,MALICIOSO,DDoS,1.0
2025-06-17T01:22:59.424014,MALICIOSO,DDoS,1.0
2025-06-17T01:22:59.733747,MALICIOSO,DDoS,1.0
2025-06-17T01:23:00.056344,MALICIOSO,DDoS,1.0
2025-06-17T01:23:00.371824,MALICIOSO,DDoS,1.0
2025-06-17T01:23:00.683612,BENIGNO,Benigno,1.0
2025-06-17T01:23:01.008414,MALICIOSO,DDoS,1.0
2025-06-17T01:23:01.319682,MALICIOSO,DDoS,1.0
2025-06-17T01:23:01.626960,MALICIOSO,DDoS,1.0
2025-06-17T01:23:01.956470,BENIGNO,Benigno,1.0
2025-06-17T01:23:02.266454,BENIGNO,Benigno,1.0
2025-06-17T01:23:02.576277,BENIGNO,Benigno,1.0
2025-06-17T01:23:02.915574,MALICIOSO,DDoS,1.0
2025-06-17T01:23:03.242096,MALICIOSO,DDoS,1.0
2025-06-17T01:23:03.557350,BENIGNO,Benigno,1.0
2025-06-17T01:23:03.862292,BENIGNO,Benigno,1.0
2025-06-17T01:23:04.176017,MALICIOSO,DDoS,1.0
2025-06-17T01:23:04.493237,MALICIOSO,DDoS,1.0
2025-06-17T01:23:04.824354,MALICIOSO,DDoS,1.0
2025-06-17T01:23:05.126225,MALICIOSO,DDoS,1.0
2025-06-17T01:23:05.449263,MALICIOSO,DDoS,1.0
2025-06-17T01:23:05.768391,MALICIOSO,DDoS,1.0
2025-06-17T01:23:06.088918,MALICIOSO,DDoS,1.0
2025-06-17T01:23:06.411186,BENIGNO,Benigno,1.0
2025-06-17T01:23:06.747694,BENIGNO,Benigno,1.0
2025-06-17T01:23:07.073007,MALICIOSO,DDoS,1.0
2025-06-17T01:23:07.382846,MALICIOSO,DDoS,1.0
2025-06-17T01:23:07.698459,BENIGNO,Benigno,1.0
2025-06-17T01:23:08.017605,BENIGNO,Benigno,1.0
2025-06-17T01:23:08.325904,MALICIOSO,DDoS,1.0
2025-06-17T01:23:08.645448,MALICIOSO,DDoS,1.0
2025-06-17T01:23:08.964836,MALICIOSO,DDoS,1.0
2025-06-17T01:23:09.281961,BENIGNO,Benigno,1.0
2025-06-17T01:23:09.602511,BENIGNO,Benigno,1.0
2025-06-17T01:23:09.923308,MALICIOSO,DDoS,1.0
2025-06-17T01:23:10.246604,MALICIOSO,DDoS,1.0
2025-06-17T01:23:10.572515,BENIGNO,Benigno,1.0
2025-06-17T01:23:10.900013,BENIGNO,Benigno,1.0
2025-06-17T01:23:11.225754,MALICIOSO,DDoS,1.0
2025-06-17T01:23:11.552181,MALICIOSO,DDoS,1.0
2025-06-17T01:23:11.877956,BENIGNO,Benigno,1.0
2025-06-17T01:23:12.205696,BENIGNO,Benigno,1.0
2025-06-17T01:23:12.522029,BENIGNO,Benigno,1.0
2025-06-17T01:23:12.854031,BENIGNO,Benigno,1.0
2025-06-17T01:23:13.180043,BENIGNO,Benigno,1.0
2025-06-17T01:23:13.504185,MALICIOSO,DDoS,1.0
2025-06-17T01:23:13.826302,BENIGNO,Benigno,1.0
2025-06-17T01:24:34.094871,BENIGNO,Benigno,1.0
2025-06-17T01:24:34.411421,BENIGNO,Benigno,1.0
2025-06-17T01:24:34.737871,MALICIOSO,DDoS,1.0
2025-06-17T01:24:35.065805,MALICIOSO,DDoS,1.0
2025-06-17T01:24:35.390574,BENIGNO,Benigno,1.0
2025-06-17T01:24:35.716264,BENIGNO,Benigno,1.0
2025-06-17T01:24:36.041841,MALICIOSO,DDoS,1.0
2025-06-17T01:24:36.367850,BENIGNO,Benigno,1.0
2025-06-17T01:24:36.693079,MALICIOSO,DDoS,1.0
2025-06-17T01:24:37.019881,MALICIOSO,DDoS,1.0
2025-06-17T01:24:37.349651,MALICIOSO,DDoS,1.0
2025-06-17T01:24:37.670488,MALICIOSO,DDoS,1.0
2025-06-17T01:24:37.981545,MALICIOSO,DDoS,1.0
2025-06-17T01:24:38.303863,MALICIOSO,DDoS,1.0
2025-06-17T01:24:38.619935,BENIGNO,Benigno,1.0
2025-06-17T01:24:38.924248,BENIGNO,Benigno,1.0
2025-06-17T01:24:39.250742,MALICIOSO,DDoS,1.0
2025-06-17T01:24:39.579713,MALICIOSO,DDoS,1.0
2025-06-17T01:24:39.908236,MALICIOSO,DDoS,1.0
2025-06-17T01:24:40.236413,BENIGNO,Benigno,1.0
2025-06-17T01:24:40.551039,BENIGNO,Benigno,1.0
2025-06-17T01:24:40.881817,BENIGNO,Benigno,1.0
2025-06-17T01:24:41.211856,MALICIOSO,DDoS,1.0
2025-06-17T01:24:41.541907,MALICIOSO,DDoS,1.0
2025-06-17T01:24:41.868155,BENIGNO,Benigno,1.0
2025-06-17T01:24:42.196140,MALICIOSO,DDoS,1.0
2025-06-17T01:24:42.520695,MALICIOSO,DDoS,1.0
2025-06-17T01:24:42.845713,MALICIOSO,DDoS,1.0
2025-06-17T01:24:43.172620,BENIGNO,Benigno,1.0
2025-06-17T01:24:43.497674,MALICIOSO,DDoS,1.0
2025-06-17T01:24:43.822738,BENIGNO,Benigno,1.0
2025-06-17T01:24:44.151092,MALICIOSO,DDoS,1.0
2025-06-17T01:24:44.474523,MALICIOSO,DDoS,1.0
2025-06-17T01:24:44.799069,MALICIOSO,DDoS,1.0
2025-06-17T01:24:45.121153,MALICIOSO,DDoS,1.0
2025-06-17T01:24:45.445873,BENIGNO,Benigno,1.0
2025-06-17T01:24:45.772995,BENIGNO,Benigno,1.0
2025-06-17T01:24:46.097982,MALICIOSO,DDoS,1.0
2025-06-17T01:24:46.423594,MALICIOSO,DDoS,1.0
2025-06-17T01:24:46.750202,MALICIOSO,DDoS,1.0
2025-06-17T01:24:47.074419,MALICIOSO,DDoS,1.0
2025-06-17T01:24:47.401314,MALICIOSO,DDoS,1.0
2025-06-17T01:24:47.724568,BENIGNO,Benigno,1.0
2025-06-17T01:24:48.047867,BENIGNO,Benigno,1.0
2025-06-17T01:24:48.373414,BENIGNO,Benigno,1.0
2025-06-17T01:24:48.698812,BENIGNO,Benigno,1.0
2025-06-17T01:24:49.022922,MALICIOSO,DDoS,1.0
2025-06-17T01:24:49.347860,MALICIOSO,DDoS,1.0
2025-06-17T01:24:49.675492,MALICIOSO,DDoS,1.0
2025-06-17T01:24:50.000802,MALICIOSO,DDoS,1.0
2025-06-17T01:24:50.328585,MALICIOSO,DDoS,1.0
2025-06-17T01:24:50.655180,MALICIOSO,DDoS,1.0
2025-06-17T01:24:50.979483,BENIGNO,Benigno,1.0
2025-06-17T01:24:51.305153,BENIGNO,Benigno,1.0
2025-06-17T01:24:51.621620,BENIGNO,Benigno,1.0
2025-06-17T01:24:51.949958,MALICIOSO,DDoS,1.0
2025-06-17T01:24:52.279318,MALICIOSO,DDoS,1.0
2025-06-17T01:24:52.606560,MALICIOSO,DDoS,1.0
2025-06-17T01:24:52.923176,MALICIOSO,DDoS,1.0
2025-06-17T01:24:53.239716,MALICIOSO,DDoS,1.0
2025-06-17T01:24:53.567012,MALICIOSO,DDoS,1.0
2025-06-17T01:24:53.893794,MALICIOSO,DDoS,1.0
2025-06-17T01:24:54.221490,BENIGNO,Benigno,1.0
2025-06-17T01:24:54.548651,MALICIOSO,DDoS,1.0
2025-06-17T01:24:54.875622,BENIGNO,Benigno,1.0
2025-06-17T01:24:55.202917,MALICIOSO,DDoS,1.0
2025-06-17T01:24:55.527542,MALICIOSO,DDoS,1.0
2025-06-17T01:24:55.855033,BENIGNO,Benigno,1.0
2025-06-17T01:24:56.180036,BENIGNO,Benigno,1.0
2025-06-17T01:24:56.507550,BENIGNO,Benigno,1.0
2025-06-17T01:24:56.830052,BENIGNO,Benigno,1.0
2025-06-17T01:24:57.155221,MALICIOSO,DDoS,1.0
2025-06-17T01:24:57.477565,BENIGNO,Benigno,1.0
2025-06-17T01:24:57.802155,MALICIOSO,DDoS,1.0
2025-06-17T01:24:58.127873,BENIGNO,Benigno,1.0
2025-06-17T01:24:58.451559,MALICIOSO,DDoS,1.0
2025-06-17T01:24:58.777176,MALICIOSO,DDoS,1.0
2025-06-17T01:24:59.099547,BENIGNO,Benigno,1.0
2025-06-17T01:24:59.426573,MALICIOSO,DDoS,1.0
2025-06-17T01:24:59.751363,BENIGNO,Benigno,1.0
2025-06-17T01:25:00.075654,MALICIOSO,DDoS,1.0
2025-06-17T01:25:00.403567,BENIGNO,Benigno,1.0
2025-06-17T01:25:00.729902,BENIGNO,Benigno,1.0
2025-06-17T01:25:01.056484,MALICIOSO,DDoS,1.0
2025-06-17T01:25:01.384303,MALICIOSO,DDoS,1.0
2025-06-17T01:25:01.711646,MALICIOSO,DDoS,1.0
2025-06-17T01:25:02.035933,BENIGNO,Benigno,1.0
2025-06-17T01:25:02.362722,BENIGNO,Benigno,1.0
2025-06-17T01:25:02.689238,MALICIOSO,DDoS,1.0
2025-06-17T01:25:03.022716,MALICIOSO,DDoS,1.0
2025-06-17T01:25:03.339225,MALICIOSO,DDoS,1.0
2025-06-17T01:25:03.668788,MALICIOSO,DDoS,1.0
2025-06-17T01:25:03.997405,BENIGNO,Benigno,1.0
2025-06-17T01:25:04.325056,BENIGNO,Benigno,1.0
2025-06-17T01:25:04.652672,BENIGNO,Benigno,1.0
2025-06-17T01:25:04.979776,BENIGNO,Benigno,1.0
2025-06-17T01:25:05.306616,BENIGNO,Benigno,1.0
2025-06-17T01:25:05.634910,MALICIOSO,DDoS,1.0
2025-06-17T01:25:05.961241,MALICIOSO,DDoS,1.0
2025-06-17T01:25:06.287818,MALICIOSO,DDoS,1.0
2025-06-17T01:25:06.616865,MALICIOSO,DDoS,1.0
2025-06-17T01:25:06.944441,MALICIOSO,DDoS,1.0
2025-06-17T01:25:07.271144,MALICIOSO,DDoS,1.0
2025-06-17T01:25:07.600679,MALICIOSO,DDoS,1.0
2025-06-17T01:25:07.927032,MALICIOSO,DDoS,1.0
2025-06-17T01:25:08.243965,BENIGNO,Benigno,1.0
2025-06-17T01:25:08.571074,MALICIOSO,DDoS,1.0
2025-06-17T01:25:08.886669,MALICIOSO,DDoS,1.0
2025-06-17T01:25:09.220472,BENIGNO,Benigno,1.0
2025-06-17T01:25:09.546667,MALICIOSO,DDoS,1.0
2025-06-17T01:25:09.875773,MALICIOSO,DDoS,1.0
2025-06-17T01:25:10.190792,BENIGNO,Benigno,1.0
2025-06-17T01:25:10.517862,BENIGNO,Benigno,1.0
2025-06-17T01:25:10.845179,BENIGNO,Benigno,1.0
2025-06-17T01:25:11.174162,BENIGNO,Benigno,1.0
2025-06-17T01:25:11.503757,MALICIOSO,DDoS,1.0
2025-06-17T01:25:11.834115,BENIGNO,Benigno,1.0
2025-06-17T01:25:12.157242,MALICIOSO,DDoS,1.0
2025-06-17T01:25:12.484628,MALICIOSO,DDoS,1.0
2025-06-17T01:25:12.811208,BENIGNO,Benigno,1.0
2025-06-17T01:25:13.136205,BENIGNO,Benigno,1.0
2025-06-17T01:25:13.462213,MALICIOSO,DDoS,1.0
2025-06-17T01:25:13.789211,MALICIOSO,DDoS,1.0
2025-06-17T01:25:14.114517,BENIGNO,Benigno,1.0
2025-06-17T01:25:14.437062,BENIGNO,Benigno,1.0
2025-06-17T01:25:14.760706,BENIGNO,Benigno,1.0
2025-06-17T01:25:15.085829,BENIGNO,Benigno,1.0
2025-06-17T01:25:15.415228,BENIGNO,Benigno,1.0
2025-06-17T01:25:15.738948,BENIGNO,Benigno,1.0
2025-06-17T01:25:16.063961,MALICIOSO,DDoS,1.0
2025-06-17T01:25:16.390241,BENIGNO,Benigno,1.0
2025-06-17T01:25:16.720239,MALICIOSO,DDoS,1.0
2025-06-17T01:25:17.048910,MALICIOSO,DDoS,1.0
2025-06-17T01:25:17.379615,BENIGNO,Benigno,1.0
2025-06-17T01:25:17.704142,MALICIOSO,DDoS,1.0
2025-06-17T01:25:18.029116,BENIGNO,Benigno,1.0
2025-06-17T01:25:18.352873,MALICIOSO,DDoS,1.0
2025-06-17T01:25:18.677209,BENIGNO,Benigno,1.0
2025-06-17T01:25:19.004499,BENIGNO,Benigno,1.0
2025-06-17T01:25:19.329790,BENIGNO,Benigno,1.0
2025-06-17T01:25:19.655591,MALICIOSO,DDoS,1.0
2025-06-17T01:25:19.984776,BENIGNO,Benigno,1.0
2025-06-17T01:25:20.313071,MALICIOSO,DDoS,1.0
2025-06-17T01:25:20.637447,BENIGNO,Benigno,1.0
2025-06-17T01:25:20.963089,MALICIOSO,DDoS,1.0
2025-06-17T01:25:21.288076,MALICIOSO,DDoS,1.0
2025-06-17T01:25:21.613218,MALICIOSO,DDoS,1.0
2025-06-17T01:25:21.938502,MALICIOSO,DDoS,1.0
2025-06-17T01:25:22.263163,BENIGNO,Benigno,1.0
2025-06-17T01:25:22.593323,BENIGNO,Benigno,1.0
2025-06-17T01:25:22.918164,BENIGNO,Benigno,1.0
2025-06-17T01:25:23.243013,BENIGNO,Benigno,1.0
2025-06-17T01:25:23.567308,MALICIOSO,DDoS,1.0
2025-06-17T01:25:23.893941,BENIGNO,Benigno,1.0
2025-06-17T01:25:24.218635,BENIGNO,Benigno,1.0
2025-06-17T01:25:24.545315,BENIGNO,Benigno,1.0
2025-06-17T01:25:24.867555,BENIGNO,Benigno,1.0
2025-06-17T01:25:25.194959,MALICIOSO,DDoS,1.0
2025-06-17T01:25:25.519325,BENIGNO,Benigno,1.0
2025-06-17T01:25:25.848947,MALICIOSO,DDoS,1.0
2025-06-17T01:25:26.178343,BENIGNO,Benigno,1.0
2025-06-17T01:25:26.502332,MALICIOSO,DDoS,1.0
2025-06-17T01:25:26.829263,BENIGNO,Benigno,1.0
2025-06-17T01:25:27.155047,BENIGNO,Benigno,1.0
2025-06-17T01:25:27.484588,MALICIOSO,DDoS,1.0
2025-06-17T01:25:27.808350,MALICIOSO,DDoS,1.0
2025-06-17T01:25:28.134216,MALICIOSO,DDoS,1.0
2025-06-17T01:25:28.462550,MALICIOSO,DDoS,1.0
2025-06-17T01:25:28.791881,BENIGNO,Benigno,1.0
2025-06-17T01:25:29.116918,BENIGNO,Benigno,1.0
2025-06-17T01:25:29.440844,MALICIOSO,DDoS,1.0
2025-06-17T01:25:29.766244,MALICIOSO,DDoS,1.0
2025-06-17T01:25:30.091770,MALICIOSO,DDoS,1.0
2025-06-17T01:25:30.417307,MALICIOSO,DDoS,1.0
2025-06-17T01:25:30.746333,BENIGNO,Benigno,1.0
2025-06-17T01:25:31.070376,BENIGNO,Benigno,1.0
2025-06-17T01:25:31.397193,MALICIOSO,DDoS,1.0
2025-06-17T01:25:31.726534,BENIGNO,Benigno,1.0
2025-06-17T01:25:32.053845,BENIGNO,Benigno,1.0
2025-06-17T01:25:32.379049,BENIGNO,Benigno,1.0
2025-06-17T01:25:32.704641,BENIGNO,Benigno,1.0
2025-06-17T01:25:33.031273,MALICIOSO,DDoS,1.0
2025-06-17T01:25:33.353404,MALICIOSO,DDoS,1.0
2025-06-17T01:25:33.678958,MALICIOSO,DDoS,1.0
2025-06-17T01:25:34.006407,MALICIOSO,DDoS,1.0
2025-06-17T01:25:34.331413,BENIGNO,Benigno,1.0
2025-06-17T01:25:34.655462,MALICIOSO,DDoS,1.0
2025-06-17T01:25:34.983008,MALICIOSO,DDoS,1.0
2025-06-17T01:25:35.311417,BENIGNO,Benigno,1.0
2025-06-17T01:25:35.641265,BENIGNO,Benigno,1.0
2025-06-17T01:25:35.967254,MALICIOSO,DDoS,1.0
2025-06-17T01:25:36.297622,BENIGNO,Benigno,1.0
2025-06-17T01:25:36.625430,MALICIOSO,DDoS,1.0
2025-06-17T01:25:36.953817,BENIGNO,Benigno,1.0
2025-06-17T01:25:37.279438,BENIGNO,Benigno,1.0
2025-06-17T01:25:37.593495,MALICIOSO,DDoS,1.0
2025-06-17T01:25:37.920738,MALICIOSO,DDoS,1.0
2025-06-17T01:25:38.248446,MALICIOSO,DDoS,1.0
2025-06-17T01:25:38.574450,MALICIOSO,DDoS,1.0
2025-06-17T01:25:38.899960,MALICIOSO,DDoS,1.0
2025-06-17T01:25:39.227461,MALICIOSO,DDoS,1.0
2025-06-17T01:25:39.545091,MALICIOSO,DDoS,1.0
2025-06-17T01:25:39.874820,MALICIOSO,DDoS,1.0
2025-06-17T01:25:40.201350,MALICIOSO,DDoS,1.0
2025-06-17T01:25:40.529024,MALICIOSO,DDoS,1.0
2025-06-17T01:25:40.853142,BENIGNO,Benigno,1.0
2025-06-17T01:25:41.176558,BENIGNO,Benigno,1.0
2025-06-17T01:25:41.503182,BENIGNO,Benigno,1.0
2025-06-17T01:25:41.829919,MALICIOSO,DDoS,1.0
2025-06-17T01:25:42.157865,BENIGNO,Benigno,1.0
2025-06-17T01:25:42.482183,MALICIOSO,DDoS,1.0
2025-06-17T01:25:42.806491,MALICIOSO,DDoS,1.0
2025-06-17T01:25:43.133496,MALICIOSO,DDoS,1.0
2025-06-17T01:25:43.461004,MALICIOSO,DDoS,1.0
2025-06-17T01:25:43.772313,BENIGNO,Benigno,1.0
2025-06-17T01:25:44.073581,BENIGNO,Benigno,1.0
2025-06-17T01:25:44.418885,MALICIOSO,DDoS,1.0
2025-06-17T01:25:44.722701,MALICIOSO,DDoS,1.0
2025-06-17T01:25:45.052968,BENIGNO,Benigno,1.0
2025-06-17T01:25:45.372350,MALICIOSO,DDoS,1.0
2025-06-17T01:25:45.689783,BENIGNO,Benigno,1.0
2025-06-17T01:25:46.017520,MALICIOSO,DDoS,1.0
2025-06-17T01:25:46.345930,BENIGNO,Benigno,1.0
2025-06-17T01:25:46.670663,MALICIOSO,DDoS,1.0
2025-06-17T01:25:46.996336,BENIGNO,Benigno,1.0
2025-06-17T01:25:47.324534,MALICIOSO,DDoS,1.0
2025-06-17T01:25:47.650323,BENIGNO,Benigno,1.0
2025-06-17T01:25:47.976291,BENIGNO,Benigno,1.0
2025-06-17T01:25:48.303511,BENIGNO,Benigno,1.0
2025-06-17T01:25:48.619968,MALICIOSO,DDoS,1.0
2025-06-17T01:25:48.938031,MALICIOSO,DDoS,1.0
2025-06-17T01:25:49.264927,BENIGNO,Benigno,1.0
2025-06-17T01:25:49.585067,BENIGNO,Benigno,1.0
2025-06-17T01:25:49.910114,MALICIOSO,DDoS,1.0
2025-06-17T01:25:50.236888,BENIGNO,Benigno,1.0
2025-06-17T01:25:50.562670,MALICIOSO,DDoS,1.0
2025-06-17T01:25:50.886629,BENIGNO,Benigno,1.0
2025-06-17T01:25:51.212643,MALICIOSO,DDoS,1.0
2025-06-17T01:25:51.540312,MALICIOSO,DDoS,1.0
2025-06-17T01:25:51.866980,BENIGNO,Benigno,1.0
2025-06-17T01:25:52.194300,MALICIOSO,DDoS,1.0
2025-06-17T01:25:52.516818,BENIGNO,Benigno,1.0
2025-06-17T01:25:52.838077,BENIGNO,Benigno,1.0
2025-06-17T01:25:53.166102,MALICIOSO,DDoS,1.0
2025-06-17T01:25:53.492765,MALICIOSO,DDoS,1.0
2025-06-17T01:25:53.814560,BENIGNO,Benigno,1.0
2025-06-17T01:25:54.142771,BENIGNO,Benigno,1.0
2025-06-17T01:25:54.466849,MALICIOSO,DDoS,1.0
2025-06-17T01:25:54.793751,MALICIOSO,DDoS,1.0
2025-06-17T01:25:55.120379,BENIGNO,Benigno,1.0
2025-06-17T01:25:55.446243,BENIGNO,Benigno,1.0
2025-06-17T01:25:55.771496,MALICIOSO,DDoS,1.0
2025-06-17T01:25:56.094991,BENIGNO,Benigno,1.0
2025-06-17T01:25:56.421397,BENIGNO,Benigno,1.0
2025-06-17T01:25:56.735601,MALICIOSO,DDoS,1.0
2025-06-17T01:25:57.053013,MALICIOSO,DDoS,1.0
2025-06-17T01:25:57.381869,MALICIOSO,DDoS,1.0
2025-06-17T01:25:57.711142,MALICIOSO,DDoS,1.0
2025-06-17T01:25:58.033373,BENIGNO,Benigno,1.0
2025-06-17T01:25:58.360794,MALICIOSO,DDoS,1.0
2025-06-17T01:25:58.689157,BENIGNO,Benigno,1.0
2025-06-17T01:25:59.011613,MALICIOSO,DDoS,1.0
2025-06-17T01:25:59.335582,MALICIOSO,DDoS,1.0
2025-06-17T01:25:59.664619,MALICIOSO,DDoS,1.0
2025-06-17T01:25:59.985348,MALICIOSO,DDoS,1.0
2025-06-17T01:26:00.313502,MALICIOSO,DDoS,1.0
2025-06-17T01:26:00.635958,BENIGNO,Benigno,1.0
2025-06-17T01:26:00.965275,MALICIOSO,DDoS,1.0
2025-06-17T01:26:01.292001,MALICIOSO,DDoS,1.0
2025-06-17T01:26:01.620330,MALICIOSO,DDoS,1.0
2025-06-17T01:26:01.945588,BENIGNO,Benigno,1.0
2025-06-17T01:26:02.270681,BENIGNO,Benigno,1.0
2025-06-17T01:26:02.600193,BENIGNO,Benigno,1.0
2025-06-17T01:26:02.930762,BENIGNO,Benigno,1.0
2025-06-17T01:26:03.259203,MALICIOSO,DDoS,1.0
2025-06-17T01:26:03.585534,MALICIOSO,DDoS,1.0
2025-06-17T01:26:03.913044,MALICIOSO,DDoS,1.0
2025-06-17T01:26:04.240686,BENIGNO,Benigno,1.0
2025-06-17T01:26:04.572357,MALICIOSO,DDoS,1.0
2025-06-17T01:26:04.898212,BENIGNO,Benigno,1.0
2025-06-17T01:26:05.224932,MALICIOSO,DDoS,1.0
2025-06-17T01:26:05.549747,MALICIOSO,DDoS,1.0
2025-06-17T01:26:05.874924,MALICIOSO,DDoS,1.0
2025-06-17T01:26:06.203292,MALICIOSO,DDoS,1.0
2025-06-17T01:26:06.534165,MALICIOSO,DDoS,1.0
2025-06-17T01:26:06.859725,MALICIOSO,DDoS,1.0
2025-06-17T01:26:07.184728,MALICIOSO,DDoS,1.0
2025-06-17T01:26:07.512733,BENIGNO,Benigno,1.0
2025-06-17T01:26:07.841246,MALICIOSO,DDoS,1.0
2025-06-17T01:26:08.165328,MALICIOSO,DDoS,1.0
2025-06-17T01:26:08.486801,MALICIOSO,DDoS,1.0
2025-06-17T01:26:08.814083,MALICIOSO,DDoS,1.0
2025-06-17T01:26:09.140271,BENIGNO,Benigno,1.0
2025-06-17T01:26:09.466758,BENIGNO,Benigno,1.0
2025-06-17T01:27:06.421743,BENIGNO,Benigno,1.0
2025-06-17T01:27:06.750310,BENIGNO,Benigno,1.0
2025-06-17T01:27:07.076311,MALICIOSO,DDoS,1.0
2025-06-17T01:27:07.401315,MALICIOSO,DDoS,1.0
2025-06-17T01:27:07.727828,MALICIOSO,DDoS,1.0
2025-06-17T01:27:08.051947,MALICIOSO,DDoS,1.0
2025-06-17T01:27:08.376474,MALICIOSO,DDoS,1.0
2025-06-17T01:27:08.701563,MALICIOSO,DDoS,1.0
2025-06-17T01:27:09.028933,MALICIOSO,DDoS,1.0
2025-06-17T01:27:09.352163,MALICIOSO,DDoS,1.0
2025-06-17T01:27:09.679542,MALICIOSO,DDoS,1.0
2025-06-17T01:27:10.007341,BENIGNO,Benigno,1.0
2025-06-17T01:27:10.321344,BENIGNO,Benigno,1.0
2025-06-17T01:27:10.648858,MALICIOSO,DDoS,1.0
2025-06-17T01:27:10.974899,MALICIOSO,DDoS,1.0
2025-06-17T01:27:11.300604,BENIGNO,Benigno,1.0
2025-06-17T01:27:11.625614,MALICIOSO,DDoS,1.0
2025-06-17T01:27:11.951509,MALICIOSO,DDoS,1.0
2025-06-17T01:27:12.277543,MALICIOSO,DDoS,1.0
2025-06-17T01:27:12.596307,MALICIOSO,DDoS,1.0
2025-06-17T01:27:12.913156,MALICIOSO,DDoS,1.0
2025-06-17T01:27:13.229322,MALICIOSO,DDoS,1.0
2025-06-17T01:27:13.557111,MALICIOSO,DDoS,1.0
2025-06-17T01:27:13.875161,MALICIOSO,DDoS,1.0
2025-06-17T01:27:14.205281,BENIGNO,Benigno,1.0
2025-06-17T01:27:14.522101,MALICIOSO,DDoS,1.0
2025-06-17T01:27:14.837631,BENIGNO,Benigno,1.0
2025-06-17T01:27:15.162393,MALICIOSO,DDoS,1.0
2025-06-17T01:27:15.488394,BENIGNO,Benigno,1.0
2025-06-17T01:27:15.805387,BENIGNO,Benigno,1.0
2025-06-17T01:27:16.121928,MALICIOSO,DDoS,1.0
2025-06-17T01:27:16.446115,MALICIOSO,DDoS,1.0
2025-06-17T01:27:16.771745,MALICIOSO,DDoS,1.0
2025-06-17T01:27:17.097934,BENIGNO,Benigno,1.0
2025-06-17T01:27:17.424297,MALICIOSO,DDoS,1.0
2025-06-17T01:27:17.749913,MALICIOSO,DDoS,1.0
2025-06-17T01:27:18.074320,MALICIOSO,DDoS,1.0
2025-06-17T01:27:18.399840,MALICIOSO,DDoS,1.0
2025-06-17T01:27:18.724076,BENIGNO,Benigno,1.0
2025-06-17T01:27:19.050801,BENIGNO,Benigno,1.0
2025-06-17T01:27:19.380105,BENIGNO,Benigno,1.0
2025-06-17T01:27:19.710078,MALICIOSO,DDoS,1.0
2025-06-17T01:27:20.039749,BENIGNO,Benigno,1.0
2025-06-17T01:27:20.366136,BENIGNO,Benigno,1.0
2025-06-17T01:27:20.693726,MALICIOSO,DDoS,1.0
2025-06-17T01:27:21.022663,MALICIOSO,DDoS,1.0
2025-06-17T01:27:21.350501,MALICIOSO,DDoS,1.0
2025-06-17T01:27:21.676565,MALICIOSO,DDoS,1.0
2025-06-17T01:27:22.000999,MALICIOSO,DDoS,1.0
2025-06-17T01:27:22.323312,MALICIOSO,DDoS,1.0
2025-06-17T01:27:22.658183,BENIGNO,Benigno,1.0
2025-06-17T01:27:22.984320,BENIGNO,Benigno,1.0
2025-06-17T01:27:23.313403,MALICIOSO,DDoS,0.99
2025-06-17T01:27:23.643745,BENIGNO,Benigno,1.0
2025-06-17T01:27:23.971683,MALICIOSO,DDoS,1.0
2025-06-17T01:27:24.300310,BENIGNO,Benigno,1.0
2025-06-17T01:27:24.625109,MALICIOSO,DDoS,1.0
2025-06-17T01:27:24.951252,BENIGNO,Benigno,1.0
2025-06-17T01:27:25.276941,BENIGNO,Benigno,1.0
2025-06-17T01:27:25.603236,BENIGNO,Benigno,1.0
2025-06-17T01:27:25.921771,BENIGNO,Benigno,1.0
2025-06-17T01:27:26.250516,BENIGNO,Benigno,1.0
2025-06-17T01:27:26.578006,BENIGNO,Benigno,1.0
2025-06-17T01:27:26.902505,BENIGNO,Benigno,1.0
2025-06-17T01:27:27.231509,BENIGNO,Benigno,1.0
2025-06-17T01:27:27.561099,MALICIOSO,DDoS,1.0
2025-06-17T01:27:27.884564,MALICIOSO,DDoS,1.0
2025-06-17T01:27:28.209022,MALICIOSO,DDoS,1.0
2025-06-17T01:27:28.539624,BENIGNO,Benigno,1.0
2025-06-17T01:27:28.862199,BENIGNO,Benigno,1.0
2025-06-17T01:27:29.186601,MALICIOSO,DDoS,1.0
2025-06-17T01:27:29.509392,BENIGNO,Benigno,1.0
2025-06-17T01:27:29.834256,MALICIOSO,DDoS,1.0
2025-06-17T01:27:30.161335,MALICIOSO,DDoS,1.0
2025-06-17T01:27:30.487124,MALICIOSO,DDoS,1.0
2025-06-17T01:27:30.812465,BENIGNO,Benigno,1.0
2025-06-17T01:27:31.140052,MALICIOSO,DDoS,1.0
2025-06-17T01:27:31.463439,MALICIOSO,DDoS,1.0
2025-06-17T01:27:31.790312,MALICIOSO,DDoS,1.0
2025-06-17T01:27:32.116950,MALICIOSO,DDoS,1.0
2025-06-17T01:27:32.443097,BENIGNO,Benigno,1.0
2025-06-17T01:27:32.769033,MALICIOSO,DDoS,1.0
2025-06-17T01:27:33.095063,MALICIOSO,DDoS,1.0
2025-06-17T01:27:33.423295,MALICIOSO,DDoS,1.0
2025-06-17T01:27:33.747967,BENIGNO,Benigno,1.0
2025-06-17T01:27:34.070752,MALICIOSO,DDoS,1.0
2025-06-17T01:27:34.396079,MALICIOSO,DDoS,1.0
2025-06-17T01:27:34.721461,MALICIOSO,DDoS,1.0
2025-06-17T01:27:35.046202,MALICIOSO,DDoS,1.0
2025-06-17T01:27:35.374274,BENIGNO,Benigno,1.0
2025-06-17T01:27:35.701344,BENIGNO,Benigno,1.0
2025-06-17T01:27:36.030622,MALICIOSO,DDoS,1.0
2025-06-17T01:27:36.354318,BENIGNO,Benigno,1.0
2025-06-17T01:27:36.680103,MALICIOSO,DDoS,1.0
2025-06-17T01:27:37.009510,BENIGNO,Benigno,1.0
2025-06-17T01:27:37.333607,MALICIOSO,DDoS,1.0
2025-06-17T01:27:37.660509,BENIGNO,Benigno,1.0
2025-06-17T01:27:37.981830,MALICIOSO,DDoS,1.0
2025-06-17T01:27:38.309162,MALICIOSO,DDoS,1.0
2025-06-17T01:27:38.632287,BENIGNO,Benigno,1.0
2025-06-17T01:27:38.957525,MALICIOSO,DDoS,1.0
2025-06-17T01:27:39.282685,MALICIOSO,DDoS,1.0
2025-06-17T01:27:39.610543,BENIGNO,Benigno,1.0
2025-06-17T01:27:39.938261,BENIGNO,Benigno,1.0
2025-06-17T01:27:40.262500,BENIGNO,Benigno,1.0
2025-06-17T01:27:40.589825,MALICIOSO,DDoS,1.0
2025-06-17T01:27:40.916221,BENIGNO,Benigno,1.0
2025-06-17T01:27:41.244783,BENIGNO,Benigno,1.0
2025-06-17T01:27:41.567831,BENIGNO,Benigno,1.0
2025-06-17T01:27:41.895209,MALICIOSO,DDoS,1.0
2025-06-17T01:27:42.222137,BENIGNO,Benigno,1.0
2025-06-17T01:27:42.548696,BENIGNO,Benigno,1.0
2025-06-17T01:27:42.877198,MALICIOSO,DDoS,1.0
2025-06-17T01:27:43.206525,MALICIOSO,DDoS,1.0
2025-06-17T01:27:43.531846,BENIGNO,Benigno,1.0
2025-06-17T01:27:43.856400,MALICIOSO,DDoS,1.0
2025-06-17T01:27:44.182520,MALICIOSO,DDoS,1.0
2025-06-17T01:27:44.507771,MALICIOSO,DDoS,1.0
2025-06-17T01:27:44.832531,MALICIOSO,DDoS,1.0
2025-06-17T01:27:45.160357,MALICIOSO,DDoS,1.0
2025-06-17T01:27:45.486659,BENIGNO,Benigno,1.0
2025-06-17T01:27:45.813852,BENIGNO,Benigno,1.0
2025-06-17T01:27:46.144595,BENIGNO,Benigno,1.0
2025-06-17T01:27:46.467250,MALICIOSO,DDoS,1.0
2025-06-17T01:27:46.794112,BENIGNO,Benigno,1.0
2025-06-17T01:27:47.119907,BENIGNO,Benigno,1.0
2025-06-17T01:27:47.447009,MALICIOSO,DDoS,1.0
2025-06-17T01:27:47.771346,BENIGNO,Benigno,1.0
2025-06-17T01:27:48.100768,MALICIOSO,DDoS,1.0
2025-06-17T01:27:48.430047,MALICIOSO,DDoS,1.0
2025-06-17T01:27:48.754797,BENIGNO,Benigno,1.0
2025-06-17T01:27:49.076777,BENIGNO,Benigno,1.0
2025-06-17T01:27:49.403653,MALICIOSO,DDoS,1.0
2025-06-17T01:27:49.731489,MALICIOSO,DDoS,1.0
2025-06-17T01:27:50.055473,BENIGNO,Benigno,1.0
2025-06-17T01:27:50.381638,MALICIOSO,DDoS,1.0
2025-06-17T01:27:50.712737,MALICIOSO,DDoS,1.0
2025-06-17T01:27:51.034316,MALICIOSO,DDoS,1.0
2025-06-17T01:27:51.363746,MALICIOSO,DDoS,1.0
2025-06-17T01:27:51.687852,MALICIOSO,DDoS,1.0
2025-06-17T01:27:52.010754,MALICIOSO,DDoS,1.0
2025-06-17T01:27:52.338339,BENIGNO,Benigno,1.0
2025-06-17T01:27:52.664218,BENIGNO,Benigno,1.0
2025-06-17T01:27:52.991765,MALICIOSO,DDoS,1.0
2025-06-17T01:27:53.313101,BENIGNO,Benigno,1.0
2025-06-17T01:27:53.637582,BENIGNO,Benigno,1.0
2025-06-17T01:27:53.964179,MALICIOSO,DDoS,1.0
2025-06-17T01:27:54.291529,BENIGNO,Benigno,1.0
2025-06-17T01:27:54.620922,BENIGNO,Benigno,1.0
2025-06-17T01:27:54.948520,BENIGNO,Benigno,1.0
2025-06-17T01:27:55.274253,MALICIOSO,DDoS,1.0
2025-06-17T01:27:55.602575,BENIGNO,Benigno,1.0
2025-06-17T01:27:55.920289,MALICIOSO,DDoS,1.0
2025-06-17T01:27:56.245299,BENIGNO,Benigno,1.0
2025-06-17T01:27:56.569275,BENIGNO,Benigno,1.0
2025-06-17T01:27:56.894796,MALICIOSO,DDoS,1.0
2025-06-17T01:27:57.217254,BENIGNO,Benigno,1.0
2025-06-17T01:27:57.544701,MALICIOSO,DDoS,1.0
2025-06-17T01:27:57.873863,BENIGNO,Benigno,1.0
2025-06-17T01:27:58.199711,BENIGNO,Benigno,1.0
2025-06-17T01:27:58.524202,BENIGNO,Benigno,1.0
2025-06-17T01:27:58.846265,BENIGNO,Benigno,1.0
2025-06-17T01:27:59.170991,MALICIOSO,DDoS,1.0
2025-06-17T01:27:59.495589,BENIGNO,Benigno,1.0
2025-06-17T01:27:59.822744,MALICIOSO,DDoS,1.0
2025-06-17T01:28:00.151832,MALICIOSO,DDoS,1.0
2025-06-17T01:28:00.477912,MALICIOSO,DDoS,1.0
2025-06-17T01:28:00.800548,MALICIOSO,DDoS,1.0
2025-06-17T01:28:01.128838,MALICIOSO,DDoS,1.0
2025-06-17T01:28:01.456776,MALICIOSO,DDoS,1.0
2025-06-17T01:28:01.780209,BENIGNO,Benigno,1.0
2025-06-17T01:28:02.106465,BENIGNO,Benigno,1.0
2025-06-17T01:28:02.432229,MALICIOSO,DDoS,1.0
2025-06-17T01:28:02.758372,MALICIOSO,DDoS,1.0
2025-06-17T01:28:03.083810,MALICIOSO,DDoS,1.0
2025-06-17T01:28:03.412278,MALICIOSO,DDoS,1.0
2025-06-17T01:28:03.735715,BENIGNO,Benigno,1.0
2025-06-17T01:28:04.057685,BENIGNO,Benigno,1.0
2025-06-17T01:28:04.383157,BENIGNO,Benigno,1.0
2025-06-17T01:28:04.709096,MALICIOSO,DDoS,1.0
2025-06-17T01:28:05.033931,BENIGNO,Benigno,1.0
2025-06-17T01:28:05.363881,MALICIOSO,DDoS,1.0
2025-06-17T01:28:05.687889,BENIGNO,Benigno,1.0
2025-06-17T01:28:06.013916,MALICIOSO,DDoS,1.0
2025-06-17T01:28:06.340889,BENIGNO,Benigno,1.0
2025-06-17T01:28:06.666164,MALICIOSO,DDoS,1.0
2025-06-17T01:28:06.990695,MALICIOSO,DDoS,1.0
2025-06-17T01:28:07.315410,MALICIOSO,DDoS,1.0
2025-06-17T01:28:07.639901,MALICIOSO,DDoS,1.0
2025-06-17T01:28:07.961908,BENIGNO,Benigno,1.0
2025-06-17T01:28:08.288292,MALICIOSO,DDoS,1.0
2025-06-17T01:28:08.615400,MALICIOSO,DDoS,1.0
2025-06-17T01:28:08.940962,MALICIOSO,DDoS,1.0
2025-06-17T01:28:09.262213,MALICIOSO,DDoS,1.0
2025-06-17T01:28:09.588828,BENIGNO,Benigno,1.0
2025-06-17T01:28:09.914928,BENIGNO,Benigno,1.0
2025-06-17T01:28:10.244950,BENIGNO,Benigno,1.0
2025-06-17T01:28:10.568330,MALICIOSO,DDoS,1.0
2025-06-17T01:28:10.893811,MALICIOSO,DDoS,1.0
2025-06-17T01:28:11.223944,BENIGNO,Benigno,1.0
2025-06-17T01:28:11.558588,MALICIOSO,DDoS,1.0
2025-06-17T01:28:11.879018,BENIGNO,Benigno,1.0
2025-06-17T01:28:12.208724,BENIGNO,Benigno,1.0
2025-06-17T01:28:12.533748,MALICIOSO,DDoS,1.0
2025-06-17T01:28:12.863985,MALICIOSO,DDoS,1.0
2025-06-17T01:28:13.189958,BENIGNO,Benigno,1.0
2025-06-17T01:28:13.515959,MALICIOSO,DDoS,1.0
2025-06-17T01:28:13.837965,MALICIOSO,DDoS,1.0
2025-06-17T01:28:14.163421,MALICIOSO,DDoS,1.0
2025-06-17T01:28:14.489459,BENIGNO,Benigno,1.0
2025-06-17T01:28:14.817048,MALICIOSO,DDoS,1.0
2025-06-17T01:28:15.140646,BENIGNO,Benigno,1.0
2025-06-17T01:28:15.463407,MALICIOSO,DDoS,1.0
2025-06-17T01:28:15.794983,MALICIOSO,DDoS,1.0
2025-06-17T01:28:16.119987,MALICIOSO,DDoS,1.0
2025-06-17T01:28:16.444842,BENIGNO,Benigno,1.0
2025-06-17T01:30:16.125891,BENIGNO,Benigno,1.0
2025-06-17T01:30:16.454498,MALICIOSO,DDoS,1.0
2025-06-17T01:30:16.777668,MALICIOSO,DDoS,1.0
2025-06-17T01:30:17.102087,MALICIOSO,DDoS,1.0
2025-06-17T01:30:17.429170,MALICIOSO,DDoS,1.0
2025-06-17T01:30:17.753175,MALICIOSO,DDoS,1.0
2025-06-17T01:30:18.081931,MALICIOSO,DDoS,1.0
2025-06-17T01:30:18.405410,BENIGNO,Benigno,1.0
2025-06-17T01:30:18.736184,BENIGNO,Benigno,1.0
2025-06-17T01:30:19.062179,BENIGNO,Benigno,1.0
2025-06-17T01:30:19.389192,MALICIOSO,DDoS,1.0
2025-06-17T01:30:19.712191,MALICIOSO,DDoS,1.0
2025-06-17T01:30:20.030196,MALICIOSO,DDoS,1.0
2025-06-17T01:30:20.352672,MALICIOSO,DDoS,1.0
2025-06-17T01:30:20.677341,BENIGNO,Benigno,1.0
2025-06-17T01:30:21.004738,MALICIOSO,DDoS,1.0
2025-06-17T01:30:21.328212,BENIGNO,Benigno,1.0
2025-06-17T01:30:21.658019,MALICIOSO,DDoS,1.0
2025-06-17T01:30:21.986531,BENIGNO,Benigno,1.0
2025-06-17T01:30:22.311127,MALICIOSO,DDoS,1.0
2025-06-17T01:30:22.627819,BENIGNO,Benigno,1.0
2025-06-17T01:30:22.943183,BENIGNO,Benigno,1.0
2025-06-17T01:30:23.264990,BENIGNO,Benigno,1.0
2025-06-17T01:30:23.591765,MALICIOSO,DDoS,1.0
2025-06-17T01:30:23.920430,MALICIOSO,DDoS,1.0
2025-06-17T01:30:24.246907,MALICIOSO,DDoS,1.0
2025-06-17T01:30:24.573504,MALICIOSO,DDoS,1.0
2025-06-17T01:30:24.901111,BENIGNO,Benigno,1.0
2025-06-17T01:30:25.226541,MALICIOSO,DDoS,1.0
2025-06-17T01:30:25.556190,MALICIOSO,DDoS,1.0
2025-06-17T01:30:25.884192,BENIGNO,Benigno,1.0
2025-06-17T01:30:26.201890,BENIGNO,Benigno,1.0
2025-06-17T01:30:26.525764,MALICIOSO,DDoS,1.0
2025-06-17T01:30:26.860422,BENIGNO,Benigno,1.0
2025-06-17T01:30:27.183223,BENIGNO,Benigno,1.0
2025-06-17T01:30:27.498665,MALICIOSO,DDoS,1.0
2025-06-17T01:30:27.815683,BENIGNO,Benigno,1.0
2025-06-17T01:30:28.132573,MALICIOSO,DDoS,1.0
2025-06-17T01:30:28.452822,MALICIOSO,DDoS,1.0
2025-06-17T01:30:28.766860,BENIGNO,Benigno,1.0
2025-06-17T01:30:29.081161,MALICIOSO,DDoS,1.0
2025-06-17T01:30:29.396499,BENIGNO,Benigno,1.0
2025-06-17T01:30:29.710719,BENIGNO,Benigno,1.0
2025-06-17T01:30:30.036350,BENIGNO,Benigno,1.0
2025-06-17T01:30:30.363394,MALICIOSO,DDoS,1.0
2025-06-17T01:30:30.692167,MALICIOSO,DDoS,1.0
2025-06-17T01:30:31.020863,MALICIOSO,DDoS,1.0
2025-06-17T01:30:31.351382,BENIGNO,Benigno,1.0
2025-06-17T01:30:31.690144,MALICIOSO,DDoS,1.0
2025-06-17T01:30:32.014508,MALICIOSO,DDoS,1.0
2025-06-17T01:30:32.332878,MALICIOSO,DDoS,1.0
2025-06-17T01:30:32.649476,MALICIOSO,DDoS,1.0
2025-06-17T01:30:32.964907,BENIGNO,Benigno,1.0
2025-06-17T01:30:33.294063,MALICIOSO,DDoS,1.0
2025-06-17T01:30:33.621134,BENIGNO,Benigno,1.0
2025-06-17T01:30:33.947020,MALICIOSO,DDoS,1.0
2025-06-17T01:30:34.271537,MALICIOSO,DDoS,1.0
2025-06-17T01:30:34.597100,MALICIOSO,DDoS,1.0
2025-06-17T01:30:34.922025,BENIGNO,Benigno,1.0
2025-06-17T01:30:35.247061,MALICIOSO,DDoS,1.0
2025-06-17T01:30:35.572476,BENIGNO,Benigno,1.0
2025-06-17T01:30:35.898821,BENIGNO,Benigno,1.0
2025-06-17T01:30:36.234202,BENIGNO,Benigno,1.0
2025-06-17T01:30:36.562121,BENIGNO,Benigno,1.0
2025-06-17T01:30:36.882355,BENIGNO,Benigno,1.0
2025-06-17T01:30:37.207780,MALICIOSO,DDoS,1.0
2025-06-17T01:30:37.535346,MALICIOSO,DDoS,1.0
2025-06-17T01:30:37.857447,MALICIOSO,DDoS,1.0
2025-06-17T01:30:38.179558,BENIGNO,Benigno,1.0
2025-06-17T01:30:38.507003,MALICIOSO,DDoS,1.0
2025-06-17T01:30:38.835098,MALICIOSO,DDoS,1.0
2025-06-17T01:30:39.149303,MALICIOSO,DDoS,1.0
2025-06-17T01:30:39.478973,BENIGNO,Benigno,1.0
2025-06-17T01:30:39.794139,MALICIOSO,DDoS,1.0
2025-06-17T01:30:40.113006,MALICIOSO,DDoS,1.0
2025-06-17T01:30:40.430060,BENIGNO,Benigno,1.0
2025-06-17T01:30:40.758618,MALICIOSO,DDoS,1.0
2025-06-17T01:30:41.089670,MALICIOSO,DDoS,1.0
2025-06-17T01:30:41.414927,MALICIOSO,DDoS,1.0
2025-06-17T01:30:41.744704,MALICIOSO,DDoS,1.0
2025-06-17T01:30:42.058748,BENIGNO,Benigno,1.0
2025-06-17T01:30:42.382426,MALICIOSO,DDoS,1.0
2025-06-17T01:30:42.708171,MALICIOSO,DDoS,1.0
2025-06-17T01:30:43.028555,MALICIOSO,DDoS,1.0
2025-06-17T01:30:43.355022,MALICIOSO,DDoS,1.0
2025-06-17T01:30:43.678436,BENIGNO,Benigno,1.0
2025-06-17T01:30:44.000970,BENIGNO,Benigno,1.0
2025-06-17T01:30:44.327371,MALICIOSO,DDoS,1.0
2025-06-17T01:30:44.653597,MALICIOSO,DDoS,1.0
2025-06-17T01:30:44.982327,BENIGNO,Benigno,1.0
2025-06-17T01:30:45.303173,MALICIOSO,DDoS,1.0
2025-06-17T01:30:45.625812,MALICIOSO,DDoS,1.0
2025-06-17T01:30:45.948484,MALICIOSO,DDoS,1.0
2025-06-17T01:30:46.277026,MALICIOSO,DDoS,1.0
2025-06-17T01:30:46.601074,MALICIOSO,DDoS,1.0
2025-06-17T01:30:46.924969,MALICIOSO,DDoS,1.0
2025-06-17T01:30:47.252498,MALICIOSO,DDoS,1.0
2025-06-17T01:30:47.574201,MALICIOSO,DDoS,1.0
2025-06-17T01:30:47.902006,MALICIOSO,DDoS,1.0
2025-06-17T01:30:48.230471,BENIGNO,Benigno,1.0
2025-06-17T01:30:48.557084,BENIGNO,Benigno,1.0
2025-06-17T01:30:48.880892,MALICIOSO,DDoS,1.0
2025-06-17T01:30:49.206482,BENIGNO,Benigno,1.0
2025-06-17T01:30:49.521204,MALICIOSO,DDoS,1.0
2025-06-17T01:30:49.846906,MALICIOSO,DDoS,1.0
2025-06-17T01:30:50.175490,BENIGNO,Benigno,1.0
2025-06-17T01:30:50.503495,BENIGNO,Benigno,1.0
2025-06-17T01:30:50.833796,BENIGNO,Benigno,1.0
2025-06-17T01:30:51.161432,BENIGNO,Benigno,1.0
2025-06-17T01:30:51.489503,MALICIOSO,DDoS,1.0
2025-06-17T01:30:51.815526,BENIGNO,Benigno,1.0
2025-06-17T01:30:52.141828,BENIGNO,Benigno,1.0
2025-06-17T01:30:52.470209,BENIGNO,Benigno,1.0
2025-06-17T01:30:52.794007,MALICIOSO,DDoS,1.0
2025-06-17T01:30:53.119117,MALICIOSO,DDoS,1.0
2025-06-17T01:30:53.444443,MALICIOSO,DDoS,1.0
2025-06-17T01:30:53.773718,BENIGNO,Benigno,1.0
2025-06-17T01:30:54.099528,BENIGNO,Benigno,1.0
2025-06-17T01:30:54.424530,MALICIOSO,DDoS,1.0
2025-06-17T01:30:54.750040,BENIGNO,Benigno,1.0
2025-06-17T01:30:55.076537,BENIGNO,Benigno,1.0
2025-06-17T01:30:55.401057,BENIGNO,Benigno,1.0
2025-06-17T01:30:55.726544,BENIGNO,Benigno,1.0
2025-06-17T01:30:56.053550,MALICIOSO,DDoS,1.0
2025-06-17T01:30:56.378055,BENIGNO,Benigno,1.0
2025-06-17T01:30:56.700793,MALICIOSO,DDoS,1.0
2025-06-17T01:30:57.027041,MALICIOSO,DDoS,1.0
2025-06-17T01:30:57.355845,MALICIOSO,DDoS,1.0
2025-06-17T01:30:57.679512,BENIGNO,Benigno,1.0
2025-06-17T01:30:58.008724,BENIGNO,Benigno,1.0
2025-06-17T01:30:58.335169,MALICIOSO,DDoS,1.0
2025-06-17T01:30:58.657832,MALICIOSO,DDoS,1.0
2025-06-17T01:30:58.984913,BENIGNO,Benigno,1.0
2025-06-17T01:30:59.309330,BENIGNO,Benigno,1.0
2025-06-17T01:30:59.632935,MALICIOSO,DDoS,1.0
2025-06-17T01:30:59.957934,MALICIOSO,DDoS,1.0
2025-06-17T01:31:00.283115,MALICIOSO,DDoS,1.0
2025-06-17T01:31:00.608530,BENIGNO,Benigno,1.0
2025-06-17T01:31:00.937339,BENIGNO,Benigno,1.0
2025-06-17T01:31:01.264597,BENIGNO,Benigno,1.0
2025-06-17T01:31:01.590428,MALICIOSO,DDoS,1.0
2025-06-17T01:31:01.920975,BENIGNO,Benigno,1.0
2025-06-17T01:31:02.245480,MALICIOSO,DDoS,1.0
2025-06-17T01:31:02.569801,BENIGNO,Benigno,1.0
2025-06-17T01:31:02.898127,BENIGNO,Benigno,1.0
2025-06-17T01:31:03.225722,MALICIOSO,DDoS,1.0
2025-06-17T01:31:03.550942,BENIGNO,Benigno,1.0
2025-06-17T01:31:03.877895,MALICIOSO,DDoS,1.0
2025-06-17T01:31:04.207147,MALICIOSO,DDoS,1.0
2025-06-17T01:31:04.531997,BENIGNO,Benigno,1.0
2025-06-17T01:31:04.855269,BENIGNO,Benigno,1.0
2025-06-17T01:31:05.179087,MALICIOSO,DDoS,1.0
2025-06-17T01:31:05.503181,MALICIOSO,DDoS,1.0
2025-06-17T01:31:05.832201,MALICIOSO,DDoS,1.0
2025-06-17T01:31:06.160047,BENIGNO,Benigno,1.0
2025-06-17T01:31:06.486809,MALICIOSO,DDoS,1.0
2025-06-17T01:31:06.809766,BENIGNO,Benigno,1.0
2025-06-17T01:31:07.133160,MALICIOSO,DDoS,1.0
2025-06-17T01:31:07.459074,MALICIOSO,DDoS,1.0
2025-06-17T01:31:07.787649,MALICIOSO,DDoS,1.0
2025-06-17T01:31:08.116894,BENIGNO,Benigno,1.0
2025-06-17T01:31:08.445669,BENIGNO,Benigno,1.0
2025-06-17T01:31:08.774670,MALICIOSO,DDoS,1.0
2025-06-17T01:31:09.100036,BENIGNO,Benigno,1.0
2025-06-17T01:31:09.427895,MALICIOSO,DDoS,1.0
2025-06-17T01:31:09.752408,BENIGNO,Benigno,1.0
2025-06-17T01:31:10.076187,MALICIOSO,DDoS,1.0
2025-06-17T01:31:10.401323,MALICIOSO,DDoS,1.0
2025-06-17T01:31:10.723698,BENIGNO,Benigno,1.0
2025-06-17T01:31:11.044598,MALICIOSO,DDoS,1.0
2025-06-17T01:31:11.373697,MALICIOSO,DDoS,1.0
2025-06-17T01:31:11.704958,MALICIOSO,DDoS,1.0
2025-06-17T01:31:12.028706,MALICIOSO,DDoS,1.0
2025-06-17T01:31:12.354710,BENIGNO,Benigno,1.0
2025-06-17T01:31:12.681748,MALICIOSO,DDoS,1.0
2025-06-17T01:31:13.009909,MALICIOSO,DDoS,1.0
2025-06-17T01:31:13.333247,MALICIOSO,DDoS,1.0
2025-06-17T01:31:13.660748,MALICIOSO,DDoS,1.0
2025-06-17T01:31:13.988487,MALICIOSO,DDoS,1.0
2025-06-17T01:31:14.312109,MALICIOSO,DDoS,1.0
2025-06-17T01:31:14.640448,MALICIOSO,DDoS,1.0
2025-06-17T01:31:14.963030,BENIGNO,Benigno,1.0
2025-06-17T01:31:15.291939,MALICIOSO,DDoS,1.0
2025-06-17T01:31:15.616764,MALICIOSO,DDoS,1.0
2025-06-17T01:31:15.944953,MALICIOSO,DDoS,1.0
2025-06-17T01:31:16.273025,MALICIOSO,DDoS,1.0
2025-06-17T01:31:16.603237,MALICIOSO,DDoS,1.0
2025-06-17T01:31:16.929254,MALICIOSO,DDoS,1.0
2025-06-17T01:31:17.254325,MALICIOSO,DDoS,1.0
2025-06-17T01:31:17.577594,MALICIOSO,DDoS,1.0
2025-06-17T01:31:17.895123,BENIGNO,Benigno,1.0
2025-06-17T01:31:18.221557,MALICIOSO,DDoS,1.0
2025-06-17T01:31:18.545318,BENIGNO,Benigno,1.0
2025-06-17T01:31:18.872771,MALICIOSO,DDoS,1.0
2025-06-17T01:31:19.200304,MALICIOSO,DDoS,1.0
2025-06-17T01:31:19.527288,MALICIOSO,DDoS,1.0
2025-06-17T01:31:19.852779,MALICIOSO,DDoS,1.0
2025-06-17T01:31:20.175784,BENIGNO,Benigno,1.0
2025-06-17T01:31:20.503857,MALICIOSO,DDoS,1.0
2025-06-17T01:31:20.827753,MALICIOSO,DDoS,1.0
2025-06-17T01:31:21.153230,MALICIOSO,DDoS,1.0
2025-06-17T01:31:21.478798,BENIGNO,Benigno,1.0
2025-06-17T01:31:21.802485,MALICIOSO,DDoS,1.0
2025-06-17T01:31:22.126068,MALICIOSO,DDoS,1.0
2025-06-17T01:31:22.451265,MALICIOSO,DDoS,1.0
2025-06-17T01:31:22.780337,MALICIOSO,DDoS,1.0
2025-06-17T01:31:23.101813,BENIGNO,Benigno,1.0
2025-06-17T01:31:23.429612,MALICIOSO,DDoS,1.0
2025-06-17T01:31:23.755846,MALICIOSO,DDoS,1.0
2025-06-17T01:31:24.082212,MALICIOSO,DDoS,1.0
2025-06-17T01:31:24.407826,BENIGNO,Benigno,1.0
2025-06-17T01:31:24.737828,MALICIOSO,DDoS,1.0
2025-06-17T01:31:25.067135,BENIGNO,Benigno,1.0
2025-06-17T01:31:25.391834,MALICIOSO,DDoS,1.0
2025-06-17T01:31:25.708836,BENIGNO,Benigno,1.0
2025-06-17T01:31:26.031846,BENIGNO,Benigno,1.0
2025-06-17T01:31:26.358848,BENIGNO,Benigno,1.0
2025-06-17T01:31:26.683676,MALICIOSO,DDoS,1.0
2025-06-17T01:31:27.012849,BENIGNO,Benigno,1.0
2025-06-17T01:31:27.337852,BENIGNO,Benigno,1.0
2025-06-17T01:31:27.668144,MALICIOSO,DDoS,1.0
2025-06-17T01:31:27.992502,BENIGNO,Benigno,1.0
2025-06-17T01:31:28.319665,MALICIOSO,DDoS,1.0
2025-06-17T01:31:28.647404,MALICIOSO,DDoS,1.0
2025-06-17T01:31:28.977872,MALICIOSO,DDoS,1.0
2025-06-17T01:31:29.300874,MALICIOSO,DDoS,1.0
2025-06-17T01:31:29.623298,BENIGNO,Benigno,1.0
2025-06-17T01:31:29.948879,BENIGNO,Benigno,1.0
2025-06-17T01:31:30.278835,BENIGNO,Benigno,1.0
2025-06-17T01:31:30.596394,MALICIOSO,DDoS,1.0
2025-06-17T01:31:30.926892,MALICIOSO,DDoS,1.0
2025-06-17T01:31:31.255217,BENIGNO,Benigno,1.0
2025-06-17T01:31:31.585162,BENIGNO,Benigno,1.0
2025-06-17T01:31:31.910492,MALICIOSO,DDoS,1.0
2025-06-17T01:31:32.234774,MALICIOSO,DDoS,1.0
2025-06-17T01:31:32.560535,MALICIOSO,DDoS,1.0
2025-06-17T01:31:32.876913,BENIGNO,Benigno,1.0
2025-06-17T01:31:33.205484,MALICIOSO,DDoS,1.0
2025-06-17T01:31:33.531276,BENIGNO,Benigno,1.0
2025-06-17T01:31:33.856821,BENIGNO,Benigno,1.0
2025-06-17T01:31:34.172918,MALICIOSO,DDoS,1.0
2025-06-17T01:31:34.497987,MALICIOSO,DDoS,1.0
2025-06-17T01:31:34.821992,BENIGNO,Benigno,1.0
2025-06-17T01:31:35.144318,MALICIOSO,DDoS,1.0
2025-06-17T01:31:35.469354,MALICIOSO,DDoS,1.0
2025-06-17T01:31:35.795940,MALICIOSO,DDoS,1.0
2025-06-17T01:31:36.118460,BENIGNO,Benigno,1.0
2025-06-17T01:31:36.446247,BENIGNO,Benigno,1.0
2025-06-17T01:31:36.773666,BENIGNO,Benigno,1.0
2025-06-17T01:31:37.099948,BENIGNO,Benigno,1.0
2025-06-17T01:31:37.425999,MALICIOSO,DDoS,1.0
2025-06-17T01:31:37.755065,MALICIOSO,DDoS,1.0
2025-06-17T01:31:38.081004,BENIGNO,Benigno,1.0
2025-06-17T01:31:38.409971,MALICIOSO,DDoS,1.0
2025-06-17T01:31:38.735530,BENIGNO,Benigno,1.0
2025-06-17T01:31:39.062967,BENIGNO,Benigno,1.0
2025-06-17T01:31:39.386971,BENIGNO,Benigno,1.0
2025-06-17T01:31:39.716314,MALICIOSO,DDoS,1.0
2025-06-17T01:31:40.045905,BENIGNO,Benigno,1.0
2025-06-17T01:31:40.370083,MALICIOSO,DDoS,1.0
2025-06-17T01:31:40.699983,MALICIOSO,DDoS,1.0
2025-06-17T01:31:41.027986,MALICIOSO,DDoS,1.0
2025-06-17T01:31:41.351915,BENIGNO,Benigno,1.0
2025-06-17T01:31:41.673333,BENIGNO,Benigno,1.0
2025-06-17T01:31:41.999072,BENIGNO,Benigno,1.0
2025-06-17T01:31:42.324877,BENIGNO,Benigno,1.0
2025-06-17T01:31:42.641120,BENIGNO,Benigno,1.0
2025-06-17T01:31:42.966277,MALICIOSO,DDoS,1.0
2025-06-17T01:31:43.295018,BENIGNO,Benigno,1.0
2025-06-17T01:31:43.622388,MALICIOSO,DDoS,1.0
2025-06-17T01:31:43.951018,MALICIOSO,DDoS,1.0
2025-06-17T01:31:44.278638,BENIGNO,Benigno,1.0
2025-06-17T01:31:44.608588,MALICIOSO,DDoS,1.0
2025-06-17T01:31:44.936024,MALICIOSO,DDoS,1.0
2025-06-17T01:31:45.262547,MALICIOSO,DDoS,1.0
2025-06-17T01:31:45.592904,MALICIOSO,DDoS,1.0
2025-06-17T01:31:45.914037,MALICIOSO,DDoS,1.0
2025-06-17T01:31:46.244156,MALICIOSO,DDoS,1.0
2025-06-17T01:31:46.572817,BENIGNO,Benigno,1.0
2025-06-17T01:31:46.897139,BENIGNO,Benigno,1.0
2025-06-17T01:31:47.220101,MALICIOSO,DDoS,1.0
2025-06-17T01:31:47.546678,BENIGNO,Benigno,1.0
2025-06-17T01:31:47.873189,BENIGNO,Benigno,1.0
2025-06-17T01:31:48.198818,MALICIOSO,DDoS,1.0
2025-06-17T01:31:48.525519,MALICIOSO,DDoS,1.0
2025-06-17T01:31:48.850769,MALICIOSO,DDoS,1.0
2025-06-17T01:31:49.176420,MALICIOSO,DDoS,1.0
2025-06-17T01:31:49.503979,MALICIOSO,DDoS,1.0
2025-06-17T01:31:49.827888,MALICIOSO,DDoS,1.0
2025-06-17T01:31:50.152584,BENIGNO,Benigno,1.0
2025-06-17T01:31:50.476409,MALICIOSO,DDoS,1.0
2025-06-17T01:31:50.801693,MALICIOSO,DDoS,1.0
2025-06-17T01:31:51.128815,MALICIOSO,DDoS,1.0
2025-06-17T01:31:51.452752,MALICIOSO,DDoS,1.0
2025-06-17T01:31:51.782347,MALICIOSO,DDoS,1.0
2025-06-17T01:31:52.111015,MALICIOSO,DDoS,1.0
2025-06-17T01:31:52.434306,MALICIOSO,DDoS,1.0
2025-06-17T01:31:52.760911,MALICIOSO,DDoS,1.0
2025-06-17T01:31:53.089106,BENIGNO,Benigno,1.0
2025-06-17T01:31:53.415108,MALICIOSO,DDoS,1.0
2025-06-17T01:31:53.742333,MALICIOSO,DDoS,1.0
2025-06-17T01:31:54.066073,BENIGNO,Benigno,1.0
2025-06-17T01:31:54.392118,MALICIOSO,DDoS,1.0
2025-06-17T01:31:54.718748,MALICIOSO,DDoS,1.0
2025-06-17T01:31:55.042238,MALICIOSO,DDoS,1.0
2025-06-17T01:31:55.365561,BENIGNO,Benigno,1.0
2025-06-17T01:31:55.690713,MALICIOSO,DDoS,1.0
2025-06-17T01:31:56.014134,BENIGNO,Benigno,1.0
2025-06-17T01:31:56.344139,BENIGNO,Benigno,1.0
2025-06-17T01:31:56.676164,MALICIOSO,DDoS,1.0
2025-06-17T01:31:56.995483,BENIGNO,Benigno,1.0
2025-06-17T01:31:57.322654,BENIGNO,Benigno,1.0
2025-06-17T01:31:57.649336,MALICIOSO,DDoS,1.0
2025-06-17T01:31:57.972642,MALICIOSO,DDoS,1.0
2025-06-17T01:31:58.295565,MALICIOSO,DDoS,1.0
2025-06-17T01:31:58.621156,BENIGNO,Benigno,1.0
2025-06-17T01:31:58.943045,BENIGNO,Benigno,1.0
2025-06-17T01:31:59.271776,MALICIOSO,DDoS,1.0
2025-06-17T01:31:59.595652,MALICIOSO,DDoS,1.0
2025-06-17T01:31:59.920009,MALICIOSO,DDoS,1.0
2025-06-17T01:32:00.245799,MALICIOSO,DDoS,1.0
2025-06-17T01:32:00.572338,BENIGNO,Benigno,1.0
2025-06-17T01:32:00.897565,MALICIOSO,DDoS,1.0
2025-06-17T01:32:01.225445,MALICIOSO,DDoS,1.0
2025-06-17T01:32:01.557769,MALICIOSO,DDoS,1.0
2025-06-17T01:32:01.877446,MALICIOSO,DDoS,1.0
2025-06-17T01:32:02.206351,BENIGNO,Benigno,1.0
2025-06-17T01:32:02.531587,MALICIOSO,DDoS,1.0
2025-06-17T01:32:02.858415,BENIGNO,Benigno,1.0
2025-06-17T01:32:03.184594,BENIGNO,Benigno,1.0
2025-06-17T01:32:03.510237,BENIGNO,Benigno,1.0
2025-06-17T01:32:03.839210,BENIGNO,Benigno,1.0
2025-06-17T01:32:04.168867,MALICIOSO,DDoS,1.0
2025-06-17T01:32:04.495229,MALICIOSO,DDoS,1.0
2025-06-17T01:32:04.818234,BENIGNO,Benigno,1.0
2025-06-17T01:32:05.145615,BENIGNO,Benigno,1.0
2025-06-17T01:32:05.473226,MALICIOSO,DDoS,1.0
2025-06-17T01:32:05.801233,MALICIOSO,DDoS,1.0
2025-06-17T01:32:06.124049,MALICIOSO,DDoS,1.0
2025-06-17T01:32:06.449260,MALICIOSO,DDoS,1.0
2025-06-17T01:32:06.772324,BENIGNO,Benigno,1.0
2025-06-17T01:32:07.097640,BENIGNO,Benigno,1.0
